Studente;Laboratorio;Tipo;Modalità;Missione;Attività;Linguaggio;Difficoltà;Tentativi;Corrette;Errori;Errore %;Tentativi dopo aiuti;Aiuti consultati;Primo controllo UTC;Ultimo controllo UTC
;progressi_selezione;Risposte;Gioca;07 · Due permessi necessari;Drone 1;C;Medio;1;1;0;0,0;1;soluzione;2026-09-29T07:42:51+00:00;2026-09-29T07:42:51+00:00
;progressi_selezione;Risposte;Gioca;07 · Due permessi necessari;Drone 2;C;Medio;1;1;0;0,0;1;soluzione;2026-09-29T07:42:57+00:00;2026-09-29T07:42:57+00:00
;progressi_selezione;Risposte;Gioca;07 · Due permessi necessari;Drone 3;C;Medio;1;1;0;0,0;1;soluzione;2026-09-29T07:43:03+00:00;2026-09-29T07:43:03+00:00
;progressi_selezione;Risposte;Gioca;07 · Due permessi necessari;Drone 4;C;Medio;1;1;0;0,0;1;soluzione;2026-09-29T07:43:10+00:00;2026-09-29T07:43:10+00:00
;progressi_selezione;Risposte;Gioca;07 · Due permessi necessari;Drone 5;C;Medio;1;1;0;0,0;1;soluzione;2026-09-29T07:43:18+00:00;2026-09-29T07:43:18+00:00
;progressi_selezione;Risposte;Gioca;07 · Due permessi necessari;Programma;C;Medio;2;1;1;50,0;2;soluzione;2026-09-29T07:42:28+00:00;2026-09-29T07:42:34+00:00
;progressi_selezione;Risposte;Gioca;10 · Dentro il modulo;Drone 1;C;Medio;3;1;2;66,7;3;soluzione, guida alla scrittura;2026-09-29T08:05:12+00:00;2026-09-29T08:05:17+00:00
;progressi_selezione;Risposte;Gioca;10 · Dentro il modulo;Drone 2;C;Medio;2;1;1;50,0;2;soluzione, guida alla scrittura;2026-09-29T08:05:30+00:00;2026-09-29T08:05:32+00:00
;progressi_selezione;Risposte;Gioca;10 · Dentro il modulo;Drone 3;C;Medio;1;1;0;0,0;1;soluzione, guida alla scrittura;2026-09-29T08:05:44+00:00;2026-09-29T08:05:44+00:00
;progressi_selezione;Risposte;Gioca;10 · Dentro il modulo;Drone 4;C;Medio;1;1;0;0,0;1;soluzione, guida alla scrittura;2026-09-29T08:05:52+00:00;2026-09-29T08:05:52+00:00
;progressi_selezione;Risposte;Gioca;10 · Dentro il modulo;Drone 5;C;Medio;1;1;0;0,0;1;soluzione, guida alla scrittura;2026-09-29T08:06:01+00:00;2026-09-29T08:06:01+00:00
;progressi_selezione;Risposte;Gioca;10 · Dentro il modulo;Programma;C;Medio;4;1;3;75,0;4;soluzione, guida alla scrittura;2026-09-29T07:56:14+00:00;2026-09-29T08:04:09+00:00
;progressi_selezione;Risposte;Gioca;05 · Tre fasce di energia;Drone 1;C;Medio;1;1;0;0,0;1;soluzione;2026-09-29T07:36:20+00:00;2026-09-29T07:36:20+00:00
;progressi_selezione;Risposte;Gioca;05 · Tre fasce di energia;Drone 2;C;Medio;2;1;1;50,0;2;soluzione;2026-09-29T07:36:26+00:00;2026-09-29T07:36:28+00:00
;progressi_selezione;Risposte;Gioca;05 · Tre fasce di energia;Drone 3;C;Medio;1;1;0;0,0;1;soluzione;2026-09-29T07:36:42+00:00;2026-09-29T07:36:42+00:00
;progressi_selezione;Risposte;Gioca;05 · Tre fasce di energia;Drone 4;C;Medio;1;1;0;0,0;1;soluzione;2026-09-29T07:36:52+00:00;2026-09-29T07:36:52+00:00
;progressi_selezione;Risposte;Gioca;05 · Tre fasce di energia;Drone 5;C;Medio;1;1;0;0,0;1;soluzione;2026-09-29T07:37:06+00:00;2026-09-29T07:37:06+00:00
;progressi_selezione;Risposte;Gioca;05 · Tre fasce di energia;Programma;C;Medio;1;1;0;0,0;1;soluzione;2026-09-29T07:35:58+00:00;2026-09-29T07:35:58+00:00
;progressi_selezione;Risposte;Gioca;04 · Due controlli distinti;Drone 1;C;Medio;1;1;0;0,0;1;soluzione;2026-09-29T07:33:44+00:00;2026-09-29T07:33:44+00:00
;progressi_selezione;Risposte;Gioca;04 · Due controlli distinti;Drone 2;C;Medio;2;1;1;50,0;2;soluzione;2026-09-29T07:33:55+00:00;2026-09-29T07:33:58+00:00
;progressi_selezione;Risposte;Gioca;04 · Due controlli distinti;Drone 3;C;Medio;1;1;0;0,0;1;soluzione;2026-09-29T07:34:27+00:00;2026-09-29T07:34:27+00:00
;progressi_selezione;Risposte;Gioca;04 · Due controlli distinti;Drone 4;C;Medio;1;1;0;0,0;1;soluzione;2026-09-29T07:34:39+00:00;2026-09-29T07:34:39+00:00
;progressi_selezione;Risposte;Gioca;04 · Due controlli distinti;Drone 5;C;Medio;1;1;0;0,0;1;soluzione;2026-09-29T07:34:52+00:00;2026-09-29T07:34:52+00:00
;progressi_selezione;Risposte;Gioca;04 · Due controlli distinti;Programma;C;Medio;1;1;0;0,0;1;soluzione;2026-09-29T07:32:59+00:00;2026-09-29T07:32:59+00:00
;progressi_selezione;Risposte;Gioca;09 · Il carico giusto;Drone 1;C;Medio;1;1;0;0,0;1;soluzione;2026-09-29T07:54:45+00:00;2026-09-29T07:54:45+00:00
;progressi_selezione;Risposte;Gioca;09 · Il carico giusto;Drone 2;C;Medio;1;1;0;0,0;1;soluzione;2026-09-29T07:54:54+00:00;2026-09-29T07:54:54+00:00
;progressi_selezione;Risposte;Gioca;09 · Il carico giusto;Drone 3;C;Medio;1;1;0;0,0;1;soluzione;2026-09-29T07:55:11+00:00;2026-09-29T07:55:11+00:00
;progressi_selezione;Risposte;Gioca;09 · Il carico giusto;Drone 4;C;Medio;1;1;0;0,0;1;soluzione;2026-09-29T07:55:19+00:00;2026-09-29T07:55:19+00:00
;progressi_selezione;Risposte;Gioca;09 · Il carico giusto;Drone 5;C;Medio;1;1;0;0,0;1;soluzione;2026-09-29T07:55:24+00:00;2026-09-29T07:55:24+00:00
;progressi_selezione;Risposte;Gioca;09 · Il carico giusto;Programma;C;Medio;3;1;2;66,7;3;soluzione;2026-09-29T07:52:56+00:00;2026-09-29T07:53:36+00:00
;progressi_selezione;Risposte;Gioca;08 · Basta un allarme;Programma;C;Medio;1;0;1;100,0;1;soluzione;2026-09-29T07:46:19+00:00;2026-09-29T07:46:19+00:00
;progressi_selezione;Risposte;Gioca;02 · Il portello di bordo;Drone 1;C;Medio;1;1;0;0,0;1;soluzione;2026-09-29T07:27:15+00:00;2026-09-29T07:27:15+00:00
;progressi_selezione;Risposte;Gioca;02 · Il portello di bordo;Drone 2;C;Medio;1;1;0;0,0;1;soluzione;2026-09-29T07:27:23+00:00;2026-09-29T07:27:23+00:00
;progressi_selezione;Risposte;Gioca;02 · Il portello di bordo;Drone 3;C;Medio;1;1;0;0,0;1;soluzione;2026-09-29T07:27:36+00:00;2026-09-29T07:27:36+00:00
;progressi_selezione;Risposte;Gioca;02 · Il portello di bordo;Drone 4;C;Medio;1;1;0;0,0;1;soluzione;2026-09-29T07:27:42+00:00;2026-09-29T07:27:42+00:00
;progressi_selezione;Risposte;Gioca;02 · Il portello di bordo;Drone 5;C;Medio;1;1;0;0,0;1;soluzione;2026-09-29T07:27:49+00:00;2026-09-29T07:27:49+00:00
;progressi_selezione;Risposte;Gioca;02 · Il portello di bordo;Programma;C;Medio;1;1;0;0,0;1;soluzione;2026-09-29T07:26:49+00:00;2026-09-29T07:26:49+00:00
;progressi_selezione;Risposte;Gioca;06 · Prima il soccorso;Drone 1;C;Medio;2;1;1;50,0;2;soluzione;2026-09-29T07:38:50+00:00;2026-09-29T07:38:51+00:00
;progressi_selezione;Risposte;Gioca;06 · Prima il soccorso;Drone 2;C;Medio;3;1;2;66,7;3;soluzione;2026-09-29T07:39:03+00:00;2026-09-29T07:39:05+00:00
;progressi_selezione;Risposte;Gioca;06 · Prima il soccorso;Drone 3;C;Medio;1;1;0;0,0;1;soluzione;2026-09-29T07:39:56+00:00;2026-09-29T07:39:56+00:00
;progressi_selezione;Risposte;Gioca;06 · Prima il soccorso;Drone 4;C;Medio;1;1;0;0,0;1;soluzione;2026-09-29T07:40:10+00:00;2026-09-29T07:40:10+00:00
;progressi_selezione;Risposte;Gioca;06 · Prima il soccorso;Drone 5;C;Medio;1;1;0;0,0;1;soluzione;2026-09-29T07:40:28+00:00;2026-09-29T07:40:28+00:00
;progressi_selezione;Risposte;Gioca;06 · Prima il soccorso;Programma;C;Medio;1;1;0;0,0;1;soluzione;2026-09-29T07:38:24+00:00;2026-09-29T07:38:24+00:00
;progressi_selezione;Risposte;Gioca;01 · Una ricarica se serve;Drone 1;C;Medio;1;1;0;0,0;1;soluzione;2026-09-29T07:22:01+00:00;2026-09-29T07:22:01+00:00
;progressi_selezione;Risposte;Gioca;01 · Una ricarica se serve;Drone 2;C;Medio;1;1;0;0,0;1;soluzione;2026-09-29T07:22:13+00:00;2026-09-29T07:22:13+00:00
;progressi_selezione;Risposte;Gioca;01 · Una ricarica se serve;Drone 3;C;Medio;1;1;0;0,0;1;soluzione;2026-09-29T07:22:28+00:00;2026-09-29T07:22:28+00:00
;progressi_selezione;Risposte;Gioca;01 · Una ricarica se serve;Drone 4;C;Medio;1;1;0;0,0;1;soluzione;2026-09-29T07:22:46+00:00;2026-09-29T07:22:46+00:00
;progressi_selezione;Risposte;Gioca;01 · Una ricarica se serve;Drone 5;C;Medio;1;1;0;0,0;1;soluzione;2026-09-29T07:23:06+00:00;2026-09-29T07:23:06+00:00
;progressi_selezione;Risposte;Gioca;01 · Una ricarica se serve;Programma;C;Medio;2;1;1;50,0;2;soluzione;2026-09-29T07:20:47+00:00;2026-09-29T07:21:17+00:00
;progressi_selezione;Risposte;Gioca;11 · Soccorso tra le stelle;Drone 1;C;Medio;2;1;1;50,0;2;soluzione;2026-09-29T08:08:46+00:00;2026-09-29T08:08:47+00:00
;progressi_selezione;Risposte;Gioca;11 · Soccorso tra le stelle;Drone 2;C;Medio;1;1;0;0,0;1;soluzione;2026-09-29T08:09:04+00:00;2026-09-29T08:09:04+00:00
;progressi_selezione;Risposte;Gioca;11 · Soccorso tra le stelle;Drone 3;C;Medio;2;1;1;50,0;2;soluzione;2026-09-29T08:09:18+00:00;2026-09-29T08:09:21+00:00
;progressi_selezione;Risposte;Gioca;11 · Soccorso tra le stelle;Drone 4;C;Medio;2;1;1;50,0;2;soluzione;2026-09-29T08:09:45+00:00;2026-09-29T08:09:45+00:00
;progressi_selezione;Risposte;Gioca;11 · Soccorso tra le stelle;Drone 5;C;Medio;1;1;0;0,0;1;soluzione;2026-09-29T08:09:55+00:00;2026-09-29T08:09:55+00:00
;progressi_selezione;Risposte;Gioca;11 · Soccorso tra le stelle;Programma;C;Medio;1;1;0;0,0;1;soluzione;2026-09-29T08:07:20+00:00;2026-09-29T08:07:20+00:00
;progressi_selezione;Risposte;Gioca;03 · Pronti al decollo;Drone 1;C;Medio;1;1;0;0,0;1;soluzione;2026-09-29T07:30:19+00:00;2026-09-29T07:30:19+00:00
;progressi_selezione;Risposte;Gioca;03 · Pronti al decollo;Drone 2;C;Medio;1;1;0;0,0;1;soluzione;2026-09-29T07:30:36+00:00;2026-09-29T07:30:36+00:00
;progressi_selezione;Risposte;Gioca;03 · Pronti al decollo;Drone 3;C;Medio;1;1;0;0,0;1;soluzione;2026-09-29T07:30:48+00:00;2026-09-29T07:30:48+00:00
;progressi_selezione;Risposte;Gioca;03 · Pronti al decollo;Drone 4;C;Medio;1;1;0;0,0;1;soluzione;2026-09-29T07:31:25+00:00;2026-09-29T07:31:25+00:00
;progressi_selezione;Risposte;Gioca;03 · Pronti al decollo;Drone 5;C;Medio;1;1;0;0,0;1;soluzione;2026-09-29T07:31:32+00:00;2026-09-29T07:31:32+00:00
;progressi_selezione;Risposte;Gioca;03 · Pronti al decollo;Programma;C;Medio;1;1;0;0,0;1;soluzione;2026-09-29T07:29:50+00:00;2026-09-29T07:29:50+00:00
;progressi_selezione;Risposte;Gioca;01 · Una ricarica se serve;Programma;Python;Medio;3;0;3;100,0;3;soluzione;2026-09-29T07:17:07+00:00;2026-09-29T07:18:02+00:00
;progressi_selezione;Aiuti;Gioca;01 · Una ricarica se serve;;Python;Medio;;;;;;soluzione;;2026-09-29T07:15:45+00:00
;progressi_selezione;Aiuti;Gioca;01 · Una ricarica se serve;;C;Medio;;;;;;soluzione;;2026-09-29T07:18:40+00:00
;progressi_selezione;Aiuti;Gioca;02 · Il portello di bordo;;C;Medio;;;;;;soluzione;;2026-09-29T07:24:58+00:00
;progressi_selezione;Aiuti;Gioca;03 · Pronti al decollo;;C;Medio;;;;;;soluzione;;2026-09-29T07:28:07+00:00
;progressi_selezione;Aiuti;Gioca;04 · Due controlli distinti;;C;Medio;;;;;;soluzione;;2026-09-29T07:31:44+00:00
;progressi_selezione;Aiuti;Gioca;05 · Tre fasce di energia;;C;Medio;;;;;;soluzione;;2026-09-29T07:35:06+00:00
;progressi_selezione;Aiuti;Gioca;06 · Prima il soccorso;;C;Medio;;;;;;soluzione;;2026-09-29T07:37:17+00:00
;progressi_selezione;Aiuti;Gioca;07 · Due permessi necessari;;C;Medio;;;;;;soluzione;;2026-09-29T07:40:38+00:00
;progressi_selezione;Aiuti;Gioca;08 · Basta un allarme;;C;Medio;;;;;;soluzione;;2026-09-29T07:43:30+00:00
;progressi_selezione;Aiuti;Gioca;09 · Il carico giusto;;C;Medio;;;;;;soluzione;;2026-09-29T07:50:50+00:00
;progressi_selezione;Aiuti;Gioca;10 · Dentro il modulo;;C;Medio;;;;;;soluzione, guida alla scrittura;;2026-09-29T07:59:18+00:00
;progressi_selezione;Aiuti;Gioca;11 · Soccorso tra le stelle;;C;Medio;;;;;;soluzione;;2026-09-29T08:06:18+00:00
;progressi_selezione;Completamento;Gioca;07 · Due permessi necessari;;C;Medio;;;;;;;;
;progressi_selezione;Completamento;Gioca;10 · Dentro il modulo;;C;Medio;;;;;;;;
;progressi_selezione;Completamento;Gioca;05 · Tre fasce di energia;;C;Medio;;;;;;;;
;progressi_selezione;Completamento;Gioca;04 · Due controlli distinti;;C;Medio;;;;;;;;
;progressi_selezione;Completamento;Gioca;09 · Il carico giusto;;C;Medio;;;;;;;;
;progressi_selezione;Completamento;Gioca;02 · Il portello di bordo;;C;Medio;;;;;;;;
;progressi_selezione;Completamento;Gioca;06 · Prima il soccorso;;C;Medio;;;;;;;;
;progressi_selezione;Completamento;Gioca;01 · Una ricarica se serve;;C;Medio;;;;;;;;
;progressi_selezione;Completamento;Gioca;11 · Soccorso tra le stelle;;C;Medio;;;;;;;;
;progressi_selezione;Completamento;Gioca;03 · Pronti al decollo;;C;Medio;;;;;;;;
